Fecha,Inflacion Indice de precios al consumidor (INPC) mensual,Inflacion Indice de precios al consumidor (INPC) acumulada en el anio,Inflacion Indice de precios al consumidor (INPC) anual,Inflacion subyacente mensual,Inflacion subyacente acumulada en el año, Inflacion subyacente anual,Inflacion no subyacente mensual,Inflacion no subyacente acumulada en el año, Inflacion no subyacente anual
01/01/1971,16.47058824,-78.89125800,5.11727079,N/E,N/E,N/E,N/E,N/E,N/E
01/02/1971,-51.76470588,-70.14925373,14.71215352,N/E,N/E,N/E,N/E,N/E,N/E
01/03/1971,-55.29411765,-61.83368870,16.63113006,N/E,N/E,N/E,N/E,N/E,N/E
01/04/1971,-40.00000000,-50.74626866,25.15991471,N/E,N/E,N/E,N/E,N/E,N/E
01/05/1971,-75.29411765,-46.05543710,25.15991471,N/E,N/E,N/E,N/E,N/E,N/E
01/06/1971,-47.05882353,-36.24733475,21.74840085,N/E,N/E,N/E,N/E,N/E,N/E
01/07/1971,-109.41176471,-37.95309168,8.95522388,N/E,N/E,N/E,N/E,N/E,N/E
01/08/1971,7.05882353,-17.91044776,18.97654584,N/E,N/E,N/E,N/E,N/E,N/E
01/09/1971,-61.17647059,-10.66098081,20.89552239,N/E,N/E,N/E,N/E,N/E,N/E
01/10/1971,-88.23529412,-8.52878465,22.38805970,N/E,N/E,N/E,N/E,N/E,N/E
01/11/1971,-81.17647059,-4.90405117,13.85927505,N/E,N/E,N/E,N/E,N/E,N/E
01/12/1971,-43.52941176,5.75692964,5.75692964,N/E,N/E,N/E,N/E,N/E,N/E
01/01/1972,-8.33333333,-91.12903226,-11.29032258,N/E,N/E,N/E,N/E,N/E,N/E
01/02/1972,-35.41666667,-84.67741935,-13.50806452,N/E,N/E,N/E,N/E,N/E,N/E
01/03/1972,14.58333333,-73.58870968,-10.08064516,N/E,N/E,N/E,N/E,N/E,N/E
01/04/1972,31.25000000,-60.88709677,-7.66129032,N/E,N/E,N/E,N/E,N/E,N/E
01/05/1972,-58.33333333,-56.65322581,-7.86290323,N/E,N/E,N/E,N/E,N/E,N/E
01/06/1972,54.16666667,-41.53225806,-1.81451613,N/E,N/E,N/E,N/E,N/E,N/E
01/07/1972,-20.83333333,-33.66935484,7.86290323,N/E,N/E,N/E,N/E,N/E,N/E
01/08/1972,37.50000000,-19.95967742,2.41935484,N/E,N/E,N/E,N/E,N/E,N/E
01/09/1972,-4.16666667,-10.48387097,5.24193548,N/E,N/E,N/E,N/E,N/E,N/E
01/10/1972,-85.41666667,-8.87096774,4.63709677,N/E,N/E,N/E,N/E,N/E,N/E
01/11/1972,35.41666667,4.83870968,14.91935484,N/E,N/E,N/E,N/E,N/E,N/E
01/12/1972,-29.16666667,12.09677419,12.09677419,N/E,N/E,N/E,N/E,N/E,N/E
01/01/1973,326.47058824,-73.92086331,19.06474820,N/E,N/E,N/E,N/E,N/E,N/E
01/02/1973,144.11764706,-58.81294964,28.77697842,N/E,N/E,N/E,N/E,N/E,N/E
01/03/1973,158.82352941,-42.62589928,35.25179856,N/E,N/E,N/E,N/E,N/E,N/E
01/04/1973,364.70588235,-13.30935252,53.59712230,N/E,N/E,N/E,N/E,N/E,N/E
01/05/1973,211.76470588,6.83453237,70.32374101,N/E,N/E,N/E,N/E,N/E,N/E
01/06/1973,141.17647059,22.48201439,71.94244604,N/E,N/E,N/E,N/E,N/E,N/E
01/07/1973,652.94117647,71.76258993,114.92805755,N/E,N/E,N/E,N/E,N/E,N/E
01/08/1973,370.58823529,103.23741007,133.81294964,N/E,N/E,N/E,N/E,N/E,N/E
01/09/1973,600.00000000,150.89928058,172.66187050,N/E,N/E,N/E,N/E,N/E,N/E
01/10/1973,276.47058824,177.15827338,197.84172662,N/E,N/E,N/E,N/E,N/E,N/E
01/11/1973,261.76470588,202.69784173,209.89208633,N/E,N/E,N/E,N/E,N/E,N/E
01/12/1973,1041.17647059,284.35251799,284.35251799,N/E,N/E,N/E,N/E,N/E,N/E
01/01/1974,-7.73195876,-83.24754328,11.93261582,N/E,N/E,N/E,N/E,N/E,N/E
01/02/1974,-41.75257732,-72.29761348,20.16846046,N/E,N/E,N/E,N/E,N/E,N/E
01/03/1974,-80.15463918,-68.46045859,19.51333645,N/E,N/E,N/E,N/E,N/E,N/E
01/04/1974,-64.94845361,-61.67524567,18.20308844,N/E,N/E,N/E,N/E,N/E,N/E
01/05/1974,-79.63917526,-57.69770707,16.61207300,N/E,N/E,N/E,N/E,N/E,N/E
01/06/1974,-74.48453608,-52.69068788,17.59475901,N/E,N/E,N/E,N/E,N/E,N/E
01/07/1974,-62.62886598,-45.20355639,11.18390267,N/E,N/E,N/E,N/E,N/E,N/E
01/08/1974,-72.68041237,-39.72859148,8.04866635,N/E,N/E,N/E,N/E,N/E,N/E
01/09/1974,-70.87628866,-33.73888629,1.07627515,N/E,N/E,N/E,N/E,N/E,N/E
01/10/1974,-48.96907216,-23.11651848,5.00701919,N/E,N/E,N/E,N/E,N/E,N/E
01/11/1974,-28.35051546,-8.00187178,13.75760412,N/E,N/E,N/E,N/E,N/E,N/E
01/12/1974,-79.89690722,-3.60318203,-3.60318203,N/E,N/E,N/E,N/E,N/E,N/E
01/01/1975,64.10256410,-93.78640777,-13.00970874,N/E,N/E,N/E,N/E,N/E,N/E
01/02/1975,-29.48717949,-91.06796117,-22.57281553,N/E,N/E,N/E,N/E,N/E,N/E
01/03/1975,-19.23076923,-87.96116505,-23.34951456,N/E,N/E,N/E,N/E,N/E,N/E
01/04/1975,7.69230769,-83.78640777,-26.21359223,N/E,N/E,N/E,N/E,N/E,N/E
01/05/1975,71.79487179,-77.03883495,-23.15533981,N/E,N/E,N/E,N/E,N/E,N/E
01/06/1975,117.94871795,-68.39805825,-19.17475728,N/E,N/E,N/E,N/E,N/E,N/E
01/07/1975,2.56410256,-64.27184466,-22.76699029,N/E,N/E,N/E,N/E,N/E,N/E
01/08/1975,11.53846154,-59.75728155,-23.83495146,N/E,N/E,N/E,N/E,N/E,N/E
01/09/1975,-6.41025641,-55.92233010,-26.11650485,N/E,N/E,N/E,N/E,N/E,N/E
01/10/1975,-34.61538462,-53.20388350,-34.17475728,N/E,N/E,N/E,N/E,N/E,N/E
01/11/1975,-10.25641026,-49.51456311,-45.29126214,N/E,N/E,N/E,N/E,N/E,N/E
01/12/1975,5.12820513,-45.09708738,-45.09708738,N/E,N/E,N/E,N/E,N/E,N/E
01/01/1976,135.36585366,-82.93545535,6.27763042,N/E,N/E,N/E,N/E,N/E,N/E
01/02/1976,128.04878049,-66.04774536,19.27497790,N/E,N/E,N/E,N/E,N/E,N/E
01/03/1976,19.51219512,-57.02917772,22.81167109,N/E,N/E,N/E,N/E,N/E,N/E
01/04/1976,-14.63414634,-50.57471264,21.30857648,N/E,N/E,N/E,N/E,N/E,N/E
01/05/1976,-14.63414634,-44.03183024,15.03094607,N/E,N/E,N/E,N/E,N/E,N/E
01/06/1976,-51.21951220,-40.22988506,2.21043324,N/E,N/E,N/E,N/E,N/E,N/E
01/07/1976,3.65853659,-32.27232538,2.74093722,N/E,N/E,N/E,N/E,N/E,N/E
01/08/1976,17.07317073,-23.16534041,3.62511052,N/E,N/E,N/E,N/E,N/E,N/E
01/09/1976,315.85365854,9.63748895,29.88505747,N/E,N/E,N/E,N/E,N/E,N/E
01/10/1976,586.58536585,65.60565871,81.52077807,N/E,N/E,N/E,N/E,N/E,N/E
01/11/1976,451.21951220,112.99734748,121.92749779,N/E,N/E,N/E,N/E,N/E,N/E
01/12/1976,206.09756098,140.49513705,140.49513705,N/E,N/E,N/E,N/E,N/E,N/E
01/01/1977,27.09163347,-88.27205882,5.77205882,N/E,N/E,N/E,N/E,N/E,N/E
01/02/1977,-11.95219124,-79.92647059,7.31617647,N/E,N/E,N/E,N/E,N/E,N/E
01/03/1977,-30.67729084,-73.16176471,10.91911765,N/E,N/E,N/E,N/E,N/E,N/E
01/04/1977,-39.84063745,-67.16911765,14.77941176,N/E,N/E,N/E,N/E,N/E,N/E
01/05/1977,-64.94023904,-63.67647059,15.62500000,N/E,N/E,N/E,N/E,N/E,N/E
01/06/1977,-50.99601594,-58.71323529,19.59558824,N/E,N/E,N/E,N/E,N/E,N/E
01/07/1977,-54.98007968,-54.08088235,20.99264706,N/E,N/E,N/E,N/E,N/E,N/E
01/08/1977,-18.32669323,-45.58823529,26.28676471,N/E,N/E,N/E,N/E,N/E,N/E
01/09/1977,-29.48207171,-38.12500000,18.45588235,N/E,N/E,N/E,N/E,N/E,N/E
01/10/1977,-69.72111554,-34.81617647,-3.93382353,N/E,N/E,N/E,N/E,N/E,N/E
01/11/1977,-56.57370518,-30.11029412,-19.11764706,N/E,N/E,N/E,N/E,N/E,N/E
01/12/1977,-45.01992032,-24.04411765,-24.04411765,N/E,N/E,N/E,N/E,N/E,N/E
01/01/1978,60.86956522,-89.25459826,-5.46950629,N/E,N/E,N/E,N/E,N/E,N/E
01/02/1978,4.34782609,-82.13939981,-9.82575024,N/E,N/E,N/E,N/E,N/E,N/E
01/03/1978,-24.63768116,-76.91190707,-13.79477251,N/E,N/E,N/E,N/E,N/E,N/E
01/04/1978,-19.56521739,-71.24878993,-16.02129719,N/E,N/E,N/E,N/E,N/E,N/E
01/05/1978,-28.98550725,-66.26331075,-15.48886738,N/E,N/E,N/E,N/E,N/E,N/E
01/06/1978,0.00000000,-59.14811229,-14.61761859,N/E,N/E,N/E,N/E,N/E,N/E
01/07/1978,23.18840580,-50.24201355,-11.42303969,N/E,N/E,N/E,N/E,N/E,N/E
01/08/1978,-27.53623188,-44.91771539,-17.37657309,N/E,N/E,N/E,N/E,N/E,N/E
01/09/1978,-17.39130435,-38.77057115,-20.86156825,N/E,N/E,N/E,N/E,N/E,N/E
01/10/1978,-12.31884058,-32.13939981,-18.39303001,N/E,N/E,N/E,N/E,N/E,N/E
01/11/1978,-25.36231884,-26.47628267,-18.73184898,N/E,N/E,N/E,N/E,N/E,N/E
01/12/1978,-38.40579710,-21.73281704,-21.73281704,N/E,N/E,N/E,N/E,N/E,N/E
01/01/1979,317.64705882,-78.04576376,9.33828077,N/E,N/E,N/E,N/E,N/E,N/E
01/02/1979,69.41176471,-68.83116883,9.33828077,N/E,N/E,N/E,N/E,N/E,N/E
01/03/1979,60.00000000,-60.04947434,11.62646877,N/E,N/E,N/E,N/E,N/E,N/E
01/04/1979,5.88235294,-54.11255411,10.08039579,N/E,N/E,N/E,N/E,N/E,N/E
01/05/1979,54.11764706,-45.45454545,12.43042672,N/E,N/E,N/E,N/E,N/E,N/E
01/06/1979,30.58823529,-37.97155226,10.51329623,N/E,N/E,N/E,N/E,N/E,N/E
01/07/1979,42.35294118,-29.74644403,7.05009276,N/E,N/E,N/E,N/E,N/E,N/E
01/08/1979,77.64705882,-19.29499072,10.76066790,N/E,N/E,N/E,N/E,N/E,N/E
01/09/1979,44.70588235,-10.69882498,11.37909709,N/E,N/E,N/E,N/E,N/E,N/E
01/10/1979,105.88235294,1.66975881,15.21335807,N/E,N/E,N/E,N/E,N/E,N/E
01/11/1979,51.76470588,10.88435374,17.06864564,N/E,N/E,N/E,N/E,N/E,N/E
01/12/1979,108.23529412,23.80952381,23.80952381,N/E,N/E,N/E,N/E,N/E,N/E
01/01/1980,175.70621469,-75.62437562,7.69230769,N/E,N/E,N/E,N/E,N/E,N/E
01/02/1980,30.50847458,-63.53646354,12.88711289,N/E,N/E,N/E,N/E,N/E,N/E
01/03/1980,16.38418079,-52.49750250,17.13286713,N/E,N/E,N/E,N/E,N/E,N/E
01/04/1980,-1.12994350,-42.95704296,22.32767233,N/E,N/E,N/E,N/E,N/E,N/E
01/05/1980,-7.90960452,-33.86613387,24.32567433,N/E,N/E,N/E,N/E,N/E,N/E
01/06/1980,11.86440678,-22.67732268,29.72027972,N/E,N/E,N/E,N/E,N/E,N/E
01/07/1980,57.62711864,-6.54345654,39.56043956,N/E,N/E,N/E,N/E,N/E,N/E
01/08/1980,16.94915254,5.74425574,43.05694306,N/E,N/E,N/E,N/E,N/E,N/E
01/09/1980,-37.28813559,12.43756244,42.30769231,N/E,N/E,N/E,N/E,N/E,N/E
01/10/1980,-14.68926554,21.72827173,40.85914086,N/E,N/E,N/E,N/E,N/E,N/E
01/11/1980,-2.25988701,32.51748252,43.70629371,N/E,N/E,N/E,N/E,N/E,N/E
01/12/1980,48.02259887,49.10089910,49.10089910,N/E,N/E,N/E,N/E,N/E,N/E
01/01/1981,22.90076336,-89.21273032,-6.86767169,N/E,N/E,N/E,N/E,N/E,N/E
01/02/1981,-6.10687023,-80.70351759,-6.26465662,N/E,N/E,N/E,N/E,N/E,N/E
01/03/1981,-18.32061069,-73.13232831,-5.92964824,N/E,N/E,N/E,N/E,N/E,N/E
01/04/1981,-13.74045802,-64.95812395,-3.78559464,N/E,N/E,N/E,N/E,N/E,N/E
01/05/1981,-42.36641221,-59.36348409,-4.28810720,N/E,N/E,N/E,N/E,N/E,N/E
01/06/1981,-46.56488550,-54.13735343,-6.76716918,N/E,N/E,N/E,N/E,N/E,N/E
01/07/1981,-32.82442748,-47.40368509,-11.05527638,N/E,N/E,N/E,N/E,N/E,N/E
01/08/1981,-21.37404580,-39.43048576,-11.08877722,N/E,N/E,N/E,N/E,N/E,N/E
01/09/1981,-29.00763359,-32.06030151,-7.97319933,N/E,N/E,N/E,N/E,N/E,N/E
01/10/1981,-15.26717557,-23.11557789,-4.99162479,N/E,N/E,N/E,N/E,N/E,N/E
01/11/1981,-26.71755725,-15.20938023,-4.18760469,N/E,N/E,N/E,N/E,N/E,N/E
01/12/1981,2.67175573,-3.91959799,-3.91959799,N/E,N/E,N/E,N/E,N/E,N/E
01/01/1982,84.75836431,-82.67085077,7.60111576,N/E,N/E,N/E,N/E,N/E,N/E
01/02/1982,46.09665428,-68.30543933,14.15620642,N/E,N/E,N/E,N/E,N/E,N/E
01/03/1982,35.68773234,-54.39330544,21.02510460,N/E,N/E,N/E,N/E,N/E,N/E
01/04/1982,101.48698885,-33.01952580,35.56485356,N/E,N/E,N/E,N/E,N/E,N/E
01/05/1982,108.92193309,-9.65829847,55.16039052,N/E,N/E,N/E,N/E,N/E,N/E
01/06/1982,79.18215613,11.47140865,72.14086471,N/E,N/E,N/E,N/E,N/E,N/E
01/07/1982,91.44981413,35.18131102,89.50488145,N/E,N/E,N/E,N/E,N/E,N/E
01/08/1982,317.10037175,89.47001395,137.83124128,N/E,N/E,N/E,N/E,N/E,N/E
01/09/1982,98.51301115,118.20083682,157.84518828,N/E,N/E,N/E,N/E,N/E,N/E
01/10/1982,92.56505576,147.59414226,175.45327755,N/E,N/E,N/E,N/E,N/E,N/E
01/11/1982,88.10408922,177.75453278,194.59553696,N/E,N/E,N/E,N/E,N/E,N/E
01/12/1982,297.02602230,244.63040446,244.63040446,N/E,N/E,N/E,N/E,N/E,N/E
01/01/1983,1.87265918,-88.99231081,11.33144476,56.18,N/E,N/E,-61.57,N/E,N/E
01/02/1983,-49.71910112,-82.97248078,14.27559692,-17.40,N/E,N/E,-87.36,N/E,N/E
01/03/1983,-54.68164794,-77.24605423,16.74423310,-32.54,N/E,N/E,-81.02,N/E,N/E
01/04/1983,-40.73033708,-69.40509915,18.62606232,-24.30,N/E,N/E,-60.82,N/E,N/E
01/05/1983,-59.36329588,-63.68878996,15.95507892,-42.63,N/E,N/E,-79.52,N/E,N/E
01/06/1983,-64.51310861,-58.47834885,13.82031566,-48.87,N/E,N/E,-83.35,N/E,N/E
01/07/1983,-53.74531835,-51.42654796,13.39538648,-22.05,N/E,N/E,-90.67,N/E,N/E
01/08/1983,-63.67041199,-45.61918252,-0.76891947,-37.18,N/E,N/E,-94.92,N/E,N/E
01/09/1983,-71.16104869,-40.82355322,-5.06879806,-55.25,N/E,N/E,-90.25,N/E,N/E
01/10/1983,-68.91385768,-35.51193849,-8.54917038,-57.10,N/E,N/E,-83.16,N/E,N/E
01/11/1983,-45.03745318,-25.77903683,-7.05180089,-22.84,N/E,N/E,-71.55,N/E,N/E
01/12/1983,-59.92509363,-18.27195467,-18.27195467,-42.23,N/E,N/E,-81.25,N/E,N/E
01/01/1984,48.36448598,-92.13914335,-9.13592473,22.99,-93.82,-12.36,144.28,-84.46,3.77
01/02/1984,23.36448598,-85.18197574,-9.32161426,34.48,-86.71,-13.06,-15.92,-78.60,5.47
01/03/1984,-0.23364486,-79.26466947,-10.48526863,-2.07,-81.22,-14.63,7.46,-70.83,6.12
01/04/1984,1.16822430,-73.01312206,-14.50854172,-21.84,-76.65,-18.99,85.57,-56.84,3.83
01/05/1984,-22.42990654,-68.01188413,-16.55112652,-32.87,-72.61,-21.64,14.93,-47.54,4.41
01/06/1984,-15.42056075,-62.36692251,-16.88536767,-5.98,-66.75,-21.19,-47.76,-43.13,0.66
01/07/1984,-23.36448598,-57.08096063,-20.16588264,-17.70,-61.43,-25.38,-43.28,-38.22,1.39
01/08/1984,-33.64485981,-52.33968804,-22.20846744,-35.17,-57.07,-28.85,-27.61,-31.81,6.06
01/09/1984,-30.37383178,-47.23941570,-22.40653627,-16.32,-51.31,-28.35,-80.60,-30.04,2.69
01/10/1984,-18.45794393,-41.06214410,-22.05991582,-4.83,-44.51,-26.70,-67.91,-27.10,-3.15
01/11/1984,-19.85981308,-34.79821738,-26.71453330,-23.22,-38.79,-31.10,-6.72,-18.45,-8.80
01/12/1984,-0.70093458,-26.76405051,-26.76405051,-2.99,-31.34,-31.34,7.96,-8.04,-8.04
01/01/1985,74.58823529,-87.45774172,2.68762677,24.41,-91.17,-0.27,245.39,-74.21,12.82
01/02/1985,-2.35294118,-79.91886410,-0.20283976,6.87,-83.18,-3.63,-30.65,-68.26,11.77
01/03/1985,-8.94117647,-72.58282623,-1.23394185,8.29,-74.74,-2.84,-62.67,-64.96,4.44
01/04/1985,-27.52941176,-66.54834348,-4.44557133,-33.18,-69.27,-4.34,-9.45,-56.82,-4.64
01/05/1985,-44.23529412,-61.74780257,-6.86274510,-32.23,-63.58,-4.49,-82.49,-55.17,-14.50
01/06/1985,-41.17647059,-56.55848546,-9.68559838,-32.23,-57.73,-7.62,-69.82,-52.33,-16.50
01/07/1985,-18.11764706,-49.15483435,-9.17849899,-17.06,-50.36,-7.82,-21.20,-44.81,-13.64
01/08/1985,2.82352941,-39.53684922,-5.30764030,7.58,-40.49,-3.48,-12.44,-36.18,-11.41
01/09/1985,-6.11764706,-30.37525355,-2.72143340,5.92,-30.31,-1.38,-45.39,-30.60,-7.29
01/10/1985,-10.58823529,-21.31507776,-1.92697769,0.24,-20.25,-1.14,-47.47,-25.10,-4.71
01/11/1985,8.47058824,-9.88843813,1.11561866,12.09,-8.51,2.44,-3.46,-14.74,-3.58
01/12/1985,60.23529412,7.75862069,7.75862069,5.69,3.08,3.08,251.15,24.48,24.48
01/01/1986,29.80910426,-86.13333333,3.40392157,92.15,-86.02,8.32,-36.29,-86.58,-10.93
01/02/1986,-34.65491924,-78.54117647,4.12549020,17.26,-76.75,10.17,-87.34,-83.65,-13.31
01/03/1986,-31.71806167,-70.25882353,6.07058824,18.61,-66.89,12.04,-83.46,-79.77,-11.33
01/04/1986,-23.34801762,-60.51764706,11.54509804,22.87,-56.12,19.17,-71.65,-72.93,-10.49
01/05/1986,-18.35535977,-49.60000000,19.90588235,30.72,-44.04,27.35,-69.82,-65.31,-1.81
01/06/1986,-5.72687225,-36.29803922,30.46274510,57.62,-28.64,39.13,-71.98,-57.93,5.10
01/07/1986,-26.72540382,-25.28627451,34.65098039,12.56,-16.87,43.55,-67.91,-49.10,8.57
01/08/1986,17.03377386,-6.82352941,44.70588235,28.25,-2.79,47.01,5.58,-18.67,37.80
01/09/1986,-11.89427313,8.17254902,50.52549020,40.81,13.58,52.42,-66.80,-7.56,45.05
01/10/1986,-16.00587372,23.32549020,56.20392157,47.76,31.80,59.55,-81.50,-1.05,46.56
01/11/1986,-0.73421439,42.25882353,62.61960784,51.79,51.76,65.83,-55.84,14.91,53.50
01/12/1986,16.00587372,65.88235294,65.88235294,72.87,76.04,76.04,-43.96,36.53,36.53
01/01/1987,2.53164557,-92.34042553,-1.33333333,7.65,-92.31,-0.49,-13.23,-92.50,-4.21
01/02/1987,-8.60759494,-84.96453901,3.79196217,-2.08,-84.73,3.74,-28.81,-85.88,3.82
01/03/1987,-16.32911392,-77.72104019,7.50827423,-8.69,-77.14,7.01,-40.05,-79.98,9.02
01/04/1987,10.75949367,-67.49881797,14.28841608,-5.71,-68.74,10.38,64.05,-62.99,28.55
01/05/1987,-4.55696203,-57.91962175,18.20330969,-6.23,-59.77,13.07,0.23,-51.16,37.24
01/06/1987,-8.48101266,-48.03782506,19.83924350,-3.24,-49.86,13.89,-23.89,-41.40,42.35
01/07/1987,2.53164557,-36.17021277,26.18439716,11.54,-37.58,20.93,-24.59,-31.11,45.94
01/08/1987,3.41772152,-23.22458629,26.60047281,-4.93,-26.21,24.20,29.16,-12.35,35.15
01/09/1987,-16.58227848,-11.93380615,27.82978723,-3.11,-13.77,26.61,-56.67,-5.36,32.08
01/10/1987,5.44303797,3.28132388,33.33333333,13.62,1.90,31.08,-19.44,8.11,41.28
01/11/1987,0.37974684,18.97872340,35.83924350,20.49,19.99,36.37,-62.30,14.85,33.30
01/12/1987,86.96202532,50.51536643,50.51536643,61.61,46.48,46.48,172.13,65.08,65.08
01/01/1988,4.67163169,-90.28711441,11.09505560,6.02,-91.64,7.40,-0.99,-85.89,23.43
01/02/1988,-43.53419093,-84.23697933,12.91700697,-16.61,-84.20,11.92,-91.27,-84.36,16.37
01/03/1988,-65.33513879,-80.20983854,10.46679651,-52.09,-79.48,10.18,-90.15,-82.60,11.58
01/04/1988,-79.14691943,-77.66538921,1.42614814,-76.81,-77.05,3.10,-84.04,-79.67,-4.03
01/05/1988,-86.93297224,-76.01935038,-7.13074072,-84.51,-75.39,-5.13,-91.61,-78.08,-13.61
01/06/1988,-86.18821936,-74.24765973,-14.67613244,-89.00,-74.18,-14.07,-81.41,-74.49,-16.64
01/07/1988,-88.69329722,-72.77125086,-23.48432494,-92.13,-73.31,-24.55,-82.92,-71.04,-19.99
01/08/1988,-93.77115775,-71.94194886,-32.82653766,-91.97,-72.41,-32.74,-97.12,-70.44,-33.18
01/09/1988,-96.14082600,-71.42049381,-40.16460388,-98.15,-72.20,-41.53,-92.73,-68.90,-35.67
01/10/1988,-94.85443466,-70.72312622,-48.74034052,-94.86,-71.62,-50.63,-94.97,-67.83,-42.38
01/11/1988,-90.92755586,-69.49173839,-55.70773387,-93.18,-70.85,-59.33,-87.52,-65.12,-42.75
01/12/1988,-85.84969533,-67.54413520,-67.54413520,-85.15,-69.14,-69.14,-87.78,-62.39,-62.39
01/01/1989,17.22488038,-95.25745257,-33.10104530,71.89,-93.48,-27.01,-93.66,-99.71,-48.83
01/02/1989,-34.92822967,-92.56678281,-49.88385598,8.65,-89.21,-48.09,-125.70,-100.91,-54.63
01/03/1989,-48.32535885,-90.39876113,-59.25280681,-25.95,-86.24,-59.25,-94.72,-100.67,-58.98
01/04/1989,-28.22966507,-87.35965931,-62.83391405,-34.05,-83.59,-63.27,-14.79,-96.74,-61.53
01/05/1989,-33.97129187,-84.51413086,-64.11149826,-43.78,-81.28,-65.38,-13.03,-92.63,-60.50
01/06/1989,-42.10526316,-81.97831978,-65.96980256,-49.73,-79.18,-66.43,-25.35,-89.01,-64.75
01/07/1989,-52.15311005,-79.84901278,-67.46031746,-50.81,-77.13,-66.57,-54.93,-86.79,-69.91
01/08/1989,-54.54545455,-77.81649245,-67.38288811,-36.76,-74.47,-66.16,-90.49,-86.32,-70.67
01/09/1989,-54.06698565,-75.76461479,-66.51180798,-17.30,-70.94,-63.06,-130.63,-87.85,-75.50
01/10/1989,-29.18660287,-72.53193961,-64.90514905,-3.78,-66.78,-60.32,-82.75,-86.99,-76.75
01/11/1989,-33.01435407,-69.43476578,-64.75029036,-16.22,-63.06,-58.61,-67.96,-85.39,-80.36
01/12/1989,61.24401914,-61.86604723,-61.86604723,57.84,-56.01,-56.01,72.89,-76.67,-76.67
01/01/1990,43.32344214,-75.48223350,14.11167513,31.85,-82.05,3.64,63.14,-44.03,62.40
01/02/1990,-32.93768546,-63.45177665,19.64467005,-36.99,-73.15,2.66,-26.48,-16.77,100.07
01/03/1990,-47.77448071,-53.85786802,23.85786802,-47.60,-65.59,3.54,-49.08,2.73,121.17
01/04/1990,-54.89614243,-45.43147208,24.01015228,-32.88,-55.80,7.74,-96.54,4.12,100.98
01/05/1990,-48.07121662,-35.63451777,26.34517766,-20.89,-44.01,14.97,-100.20,3.98,79.18
01/06/1990,-34.71810089,-23.04568528,32.53807107,-14.04,-30.91,24.01,-75.15,13.77,71.35
01/07/1990,-45.99406528,-12.38578680,37.71573604,-31.51,-20.14,30.40,-74.75,23.83,71.07
01/08/1990,-49.55489614,-2.23350254,42.53807107,-38.01,-10.30,34.17,-72.10,35.15,80.64
01/09/1990,-57.56676558,6.39593909,45.58375635,-44.18,-1.21,34.78,-84.93,41.30,94.97
01/10/1990,-57.27002967,15.22842640,45.27918782,-44.86,7.83,33.75,-82.08,48.71,98.39
01/11/1990,-21.06824926,31.77664975,53.35025381,-26.03,20.23,37.34,-12.22,85.26,128.65
01/12/1990,-6.52818991,51.92893401,51.92893401,-2.40,36.92,36.92,-15.48,121.94,121.94
01/01/1991,-19.04761905,-91.48012028,-9.42198463,-6.32,-90.91,-5.04,-47.71,-93.17,-22.42
01/02/1991,-44.44444444,-85.49949883,-11.59371868,-31.93,-84.17,-4.60,-72.77,-89.52,-31.83
01/03/1991,-54.60317460,-80.52121617,-12.99699298,-47.72,-78.86,-4.77,-70.60,-85.55,-36.59
01/04/1991,-66.66666667,-76.81256265,-14.96825927,-61.75,-74.91,-8.48,-78.55,-82.62,-33.85
01/05/1991,-68.88888889,-73.33778817,-18.10892082,-66.67,-71.43,-14.23,-74.22,-79.06,-29.72
01/06/1991,-66.66666667,-69.56231206,-22.81991313,-66.67,-67.93,-20.74,-66.51,-74.40,-29.06
01/07/1991,-72.06349206,-66.32141664,-26.59538924,-68.77,-64.62,-25.30,-79.28,-71.44,-30.51
01/08/1991,-77.77777778,-63.78215837,-30.63815570,-68.07,-61.18,-28.94,-100.24,-71.51,-35.77
01/09/1991,-68.25396825,-60.07350484,-32.34213164,-51.23,-55.91,-29.93,-107.23,-72.54,-39.70
01/10/1991,-63.17460317,-55.73003675,-33.44470431,-51.58,-50.60,-30.85,-89.64,-71.06,-41.37
01/11/1991,-21.26984127,-46.34146341,-34.11293017,-66.67,-46.88,-35.68,84.58,-44.71,-29.38
01/12/1991,-25.39682540,-37.22018042,-37.22018042,-37.54,-39.90,-39.90,0.72,-29.25,-29.25
01/01/1992,-22.55319149,-90.31399681,-4.47046301,3.93,-89.52,-5.33,-58.61,-92.30,-2.36
01/02/1992,-49.78723404,-83.92762108,-7.92974987,-38.20,-83.17,-10.76,-65.31,-85.76,-0.62
01/03/1992,-56.59574468,-78.33954231,-10.48430016,-48.88,-77.90,-14.50,-67.46,-79.48,0.13
01/04/1992,-62.12765957,-73.39010112,-11.44225652,-47.75,-72.46,-15.58,-81.58,-75.88,-0.53
01/05/1992,-71.91489362,-69.71793507,-13.35816924,-31.46,-65.21,-13.88,-125.12,-80.82,-11.93
01/06/1992,-71.06382979,-65.88610963,-15.64662054,-44.38,-59.26,-13.54,-107.66,-82.29,-20.92
01/07/1992,-73.19148936,-62.32038318,-17.18999468,-53.93,-54.28,-13.99,-99.04,-82.11,-25.23
01/08/1992,-74.04255319,-58.80787653,-17.72219266,-51.12,-48.95,-14.28,-105.02,-83.13,-26.26
01/09/1992,-62.97872340,-53.85843534,-18.46726982,-37.08,-42.04,-16.03,-98.33,-82.82,-24.30
01/10/1992,-69.36170213,-49.65407131,-21.12825971,-62.36,-37.90,-20.62,-78.47,-78.64,-21.90
01/11/1992,-64.68085106,-44.81106972,-31.02714210,-60.11,-33.37,-22.15,-71.05,-72.99,-53.27
01/12/1992,-39.57446809,-36.45556147,-36.45556147,-44.38,-27.14,-27.14,-31.82,-59.55,-59.55
01/01/1993,-11.97183099,-89.53098827,-5.19262982,27.27,-90.20,-5.05,-56.14,-86.25,-5.72
01/02/1993,-42.25352113,-82.57956449,-8.62646566,13.13,-81.42,-4.90,-104.91,-87.90,-24.53
01/03/1993,-59.15492958,-77.55443886,-12.56281407,2.02,-73.33,-3.97,-128.42,-96.92,-49.72
01/04/1993,-59.15492958,-72.61306533,-15.49413735,-32.32,-67.96,-6.22,-90.18,-93.84,-55.34
01/05/1993,-59.85915493,-67.67169179,-16.24790620,-55.56,-64.39,-12.91,-65.26,-82.84,-31.68
01/06/1993,-60.56338028,-62.81407035,-17.33668342,-56.57,-60.89,-17.73,-64.91,-71.73,-16.28
01/07/1993,-66.19718310,-58.62646566,-18.76046901,-58.59,-57.54,-21.15,-75.44,-63.81,-8.47
01/08/1993,-61.97183099,-53.85259631,-19.43048576,-35.35,-52.26,-23.09,-93.68,-61.83,-3.74
01/09/1993,-47.88732394,-47.31993300,-20.60301508,-20.20,-45.72,-25.82,-80.35,-55.45,2.09
01/10/1993,-71.12676056,-43.71859296,-23.45058626,-40.40,-40.75,-26.44,-107.02,-57.65,-10.89
01/11/1993,-69.01408451,-39.78224456,-26.96817420,-63.64,-37.71,-29.39,-75.44,-49.72,-16.94
01/12/1993,-46.47887324,-32.91457286,-32.91457286,-62.63,-34.53,-34.53,-28.42,-26.18,-26.18
01/01/1994,2.63157895,-90.26217228,-6.36704120,78.38,-92.16,-7.72,-43.14,-82.71,-1.34
01/02/1994,-32.89473684,-83.89513109,-10.36204744,127.03,-82.19,-11.16,-126.47,-90.91,-7.75
01/03/1994,-32.89473684,-77.40324594,-11.36079900,100.00,-73.28,-14.73,-110.29,-94.04,1.94
01/04/1994,-35.52631579,-71.16104869,-12.48439451,70.27,-65.68,-15.20,-98.53,-93.59,-2.09
01/05/1994,-36.84210526,-64.91885144,-13.60799001,54.05,-58.67,-13.54,-91.18,-90.76,-14.75
01/06/1994,-34.21052632,-58.55181024,-14.48189763,40.54,-52.26,-12.35,-79.41,-84.50,-23.70
01/07/1994,-42.10526316,-52.80898876,-14.98127341,-5.41,-47.86,-13.18,-63.24,-73.17,-22.80
01/08/1994,-38.15789474,-46.81647940,-15.85518102,35.14,-41.69,-14.96,-82.84,-67.81,-20.27
01/09/1994,-6.57894737,-37.45318352,-16.22971286,118.92,-31.59,-14.73,-81.37,-62.15,-23.10
01/10/1994,-31.57894737,-30.58676654,-14.73158552,37.84,-25.18,-15.80,-71.57,-53.20,-10.88
01/11/1994,-30.26315789,-23.59550562,-13.48314607,40.54,-18.65,-13.90,-71.08,-44.11,-12.52
01/12/1994,15.78947368,-11.98501873,-11.98501873,110.81,-8.79,-8.79,-40.69,-25.48,-25.48
01/01/1995,327.27272727,-46.66666667,45.10638298,374.36,-51.82,42.32,229.75,-20.20,58.80
01/02/1995,381.81818182,15.74468085,102.97872340,485.90,9.90,95.83,158.68,45.00,138.60
01/03/1995,570.45454545,106.24113475,189.78723404,506.41,76.69,155.21,658.68,241.80,349.20
01/04/1995,805.68181818,235.60283688,316.87943262,871.79,188.67,262.76,651.24,454.60,571.00
01/05/1995,375.00000000,308.93617021,384.39716312,533.33,267.32,335.03,66.94,506.20,619.80
01/06/1995,260.22727273,366.95035461,435.03546099,337.18,324.22,384.90,104.96,570.80,675.60
01/07/1995,131.81818182,405.39007092,466.09929078,167.95,360.29,415.89,56.20,621.20,706.80
01/08/1995,88.63636364,437.30496454,489.64539007,138.46,393.10,440.49,-12.40,650.00,726.60
01/09/1995,135.22727273,477.73049645,516.73758865,200.00,435.16,468.49,4.13,684.60,751.60
01/10/1995,134.09090909,518.86524823,547.65957447,124.36,467.19,491.54,147.11,768.00,820.00
01/11/1995,180.68181818,569.07801418,587.37588652,161.54,505.34,520.18,209.09,875.20,911.40
01/12/1995,270.45454545,637.16312057,637.16312057,260.26,558.85,558.85,278.51,1011.40,1011.40
01/01/1996,10.12269939,-93.09216856,-0.48104676,15.30,-93.60,-1.30,0.66,-91.70,1.67
01/02/1996,-28.52760736,-88.43563594,-5.81104483,-15.66,-88.75,-7.53,-51.31,-87.51,-0.79
01/03/1996,-32.51533742,-83.93303829,-15.81681739,-17.08,-83.87,-14.17,-60.04,-84.00,-19.60
01/04/1996,-12.88343558,-78.00654224,-28.93977295,-2.14,-77.98,-26.88,-32.31,-77.94,-33.89
01/05/1996,-44.17177914,-74.10044256,-34.90475274,-35.23,-73.99,-34.94,-59.83,-74.21,-34.34
01/06/1996,-50.00000000,-70.54069656,-38.77236867,-38.79,-70.16,-39.25,-70.09,-71.41,-37.00
01/07/1996,-56.44171779,-67.40427170,-40.29247643,-46.62,-66.74,-40.73,-74.02,-68.92,-38.65
01/08/1996,-59.20245399,-64.40253993,-41.11987685,-51.96,-63.64,-42.02,-72.05,-66.22,-38.13
01/09/1996,-50.92024540,-60.76582644,-42.27438907,-37.72,-59.55,-43.50,-74.45,-63.72,-38.35
01/10/1996,-61.65644172,-57.86030402,-44.25630171,-59.79,-56.84,-45.04,-65.50,-60.30,-41.66
01/11/1996,-53.37423313,-54.31979988,-46.56532615,-57.30,-53.93,-47.09,-47.38,-55.01,-44.72
01/12/1996,-1.84049080,-46.70001924,-46.70001924,-23.84,-48.72,-48.72,35.81,-41.03,-41.03
01/01/1997,-19.68750000,-90.72202166,-4.54873646,16.82,-90.37,-3.51,-55.47,-91.55,-7.11
01/02/1997,-47.50000000,-84.47653430,-7.43682310,-18.69,-83.51,-6.51,-75.40,-86.76,-9.86
01/03/1997,-61.25000000,-79.81949458,-11.69675090,-40.19,-78.38,-11.45,-81.51,-83.09,-12.48
01/04/1997,-66.25000000,-75.70397112,-19.38628159,-40.65,-73.22,-18.27,-91.00,-81.26,-22.12
01/05/1997,-71.56250000,-72.16606498,-23.35740072,-39.72,-67.90,-20.73,-101.93,-81.66,-29.48
01/06/1997,-72.18750000,-68.73646209,-26.53429603,-50.47,-63.47,-23.74,-93.57,-80.35,-33.08
01/07/1997,-72.81250000,-65.30685921,-28.88086643,-61.68,-60.00,-26.82,-83.76,-77.08,-33.72
01/08/1997,-72.18750000,-61.80505415,-30.75812274,-62.62,-56.61,-29.29,-81.83,-73.36,-34.27
01/09/1997,-60.93750000,-56.82310469,-32.27436823,-33.18,-50.44,-30.71,-88.26,-70.95,-35.89
01/10/1997,-75.00000000,-53.57400722,-34.15162455,-57.01,-46.47,-31.68,-92.60,-69.42,-39.95
01/11/1997,-65.00000000,-49.02527076,-35.84837545,-53.74,-42.12,-32.60,-76.21,-64.45,-43.27
01/12/1997,-56.25000000,-43.24909747,-43.24909747,-41.59,-36.57,-36.57,-70.74,-58.25,-58.25
01/01/1998,55.71428571,-86.13231552,-2.86259542,52.80,-88.40,-4.07,60.44,-78.65,1.24
01/02/1998,25.00000000,-74.80916031,-2.35368957,54.40,-76.43,-2.67,-31.87,-69.30,-1.10
01/03/1998,-16.42857143,-67.04834606,-2.86259542,-11.20,-69.44,-3.83,-26.37,-59.06,0.44
01/04/1998,-32.85714286,-60.75063613,-3.94402036,-8.80,-62.09,-4.74,-80.22,-56.29,-1.24
01/05/1998,-42.85714286,-55.40712468,-4.77099237,-13.60,-55.16,-6.20,-99.45,-56.21,-0.15
01/06/1998,-15.71428571,-47.32824427,-2.60814249,-5.60,-47.45,-5.35,-35.16,-47.08,6.36
01/07/1998,-31.42857143,-40.71246819,-1.97201018,-38.40,-42.41,-5.71,-17.03,-35.16,10.45
01/08/1998,-31.42857143,-34.03307888,-1.39949109,-17.60,-35.54,-4.13,-57.69,-29.09,7.46
01/09/1998,15.71428571,-22.64631043,1.27226463,54.40,-22.60,-0.67,-58.24,-22.95,7.75
01/10/1998,2.14285714,-12.40458015,5.91603053,12.00,-13.00,2.67,-16.48,-10.60,16.67
01/11/1998,26.42857143,0.38167939,10.75063613,-8.80,-5.04,3.77,95.60,18.57,34.06
01/12/1998,74.28571429,18.38422392,18.38422392,24.80,5.95,5.95,168.13,60.01,60.01
01/01/1999,3.68852459,-86.40515852,2.20311660,54.49,-86.18,3.27,-41.60,-86.98,-0.41
01/02/1999,-45.08196721,-79.04352499,-0.37614186,17.31,-75.46,2.58,-99.18,-86.80,-6.99
01/03/1999,-61.88524590,-73.83127351,-1.88070930,1.28,-66.06,5.68,-117.21,-90.73,-18.82
01/04/1999,-62.29508197,-68.67275658,-2.04191295,-23.08,-58.77,6.02,-97.34,-90.13,-20.01
01/05/1999,-75.40983607,-65.23374530,-3.22407308,-37.82,-52.81,5.33,-109.02,-92.19,-22.43
01/06/1999,-72.95081967,-61.47232671,-6.55561526,-50.00,-47.99,2.64,-93.65,-90.73,-27.04
01/07/1999,-72.95081967,-57.65717356,-8.43632456,-57.69,-43.86,1.89,-86.48,-87.62,-31.48
01/08/1999,-77.04918033,-54.43310048,-10.90811392,-51.28,-39.11,0.06,-99.80,-87.62,-35.45
01/09/1999,-60.24590164,-48.79097260,-14.93820527,-21.79,-31.36,-4.64,-95.29,-86.52,-38.19
01/10/1999,-74.18032787,-45.08328855,-19.88178399,-53.85,-26.72,-9.12,-92.21,-84.70,-44.04
01/11/1999,-63.52459016,-39.81730253,-25.20150457,-58.97,-22.65,-12.44,-66.39,-76.98,-53.54
01/12/1999,-59.01639344,-33.79903278,-33.79903278,-48.08,-17.37,-17.37,-67.83,-69.44,-69.44
01/01/2000,34.00000000,-89.12337662,-10.55194805,59.26,-91.05,-8.61,-5.73,-77.88,-21.23
01/02/2000,-11.00000000,-81.81818182,-14.61038961,35.80,-83.28,-14.23,-82.80,-73.69,-17.64
01/03/2000,-45.00000000,-77.19155844,-17.93831169,-19.75,-78.70,-21.37,-81.53,-69.36,0.30
01/04/2000,-43.00000000,-72.48376623,-21.02272727,-34.57,-74.95,-26.51,-55.41,-58.74,9.27
01/05/2000,-63.00000000,-69.31818182,-23.05194805,-45.68,-71.76,-30.53,-87.90,-55.90,19.28
01/06/2000,-41.00000000,-64.36688312,-23.62012987,-58.02,-69.33,-33.93,-14.65,-35.28,35.87
01/07/2000,-61.00000000,-61.03896104,-25.97402597,-59.26,-66.97,-36.36,-64.33,-26.61,34.23
01/08/2000,-45.00000000,-56.33116883,-26.13636364,-48.15,-63.91,-38.93,-40.76,-11.96,49.18
01/09/2000,-27.00000000,-50.08116883,-28.16558442,-4.94,-58.29,-42.26,-60.51,-2.24,55.46
01/10/2000,-31.00000000,-44.15584416,-27.67857143,-35.80,-54.41,-43.72,-25.48,16.29,68.46
01/11/2000,-14.00000000,-36.76948052,-28.00324675,-20.99,-49.76,-43.72,-5.73,40.21,65.92
01/12/2000,8.00000000,-27.27272727,-27.27272727,-30.86,-45.52,-45.52,62.42,81.91,81.91
01/01/2001,-49.07407407,-93.86160714,-9.48660714,32.14,-90.57,-7.52,-98.82,-99.75,-13.15
01/02/2001,-106.48148148,-94.53125000,-20.87053571,33.93,-80.89,-12.23,-192.55,-119.15,-36.98
01/03/2001,-41.66666667,-87.50000000,-19.97767857,7.14,-73.12,-12.87,-71.37,-113.31,-33.03
01/04/2001,-53.70370370,-81.80803571,-20.64732143,-14.29,-66.88,-13.50,-77.65,-108.71,-34.18
01/05/2001,-78.70370370,-79.12946429,-22.43303571,-35.71,-62.17,-14.52,-105.88,-109.86,-37.14
01/06/2001,-77.77777778,-76.45089286,-26.67410714,-42.86,-57.96,-14.65,-100.39,-109.94,-48.97
01/07/2001,-124.07407407,-79.46428571,-34.37500000,-73.21,-55.92,-17.07,-157.25,-121.86,-66.47
01/08/2001,-45.37037037,-72.65625000,-33.81696429,-41.07,-51.46,-18.22,-46.67,-111.01,-62.86
01/09/2001,-13.88888889,-62.05357143,-31.47321429,35.71,-41.53,-18.47,-43.53,-99.26,-55.79
01/10/2001,-58.33333333,-56.80803571,-34.26339286,-55.36,-38.09,-22.04,-59.61,-90.80,-56.94
01/11/2001,-64.81481481,-52.45535714,-39.84375000,-57.14,-34.90,-27.39,-69.80,-84.39,-63.02
01/12/2001,-87.03703704,-50.89285714,-50.89285714,-57.14,-31.72,-31.72,-105.88,-85.62,-85.62
01/01/2002,557.14285714,-79.09090909,8.86363636,108.33,-90.67,-4.85,-1533.33,22.86,122.86
01/02/2002,-142.85714286,-80.45454545,8.86363636,195.83,-77.43,-5.78,1400.00,-108.57,129.71
01/03/2002,264.28571429,-68.86363636,5.90909091,70.83,-69.78,-9.51,-646.67,-62.29,134.29
01/04/2002,292.85714286,-56.13636364,6.81818182,50.00,-63.06,-11.94,-833.33,1.14,165.71
01/05/2002,42.85714286,-51.59090909,6.36363636,-25.00,-59.51,-15.30,-266.67,15.43,189.71
01/06/2002,250.00000000,-40.22727273,12.27272727,-45.83,-57.09,-19.03,-1120.00,104.57,282.29
01/07/2002,107.14285714,-33.40909091,25.22727273,-45.83,-54.48,-19.40,-633.33,152.00,421.71
01/08/2002,171.42857143,-24.54545455,20.22727273,41.67,-48.13,-19.40,-460.00,184.57,372.00
01/09/2002,328.57142857,-10.45454545,12.50000000,175.00,-35.45,-21.27,-360.00,207.43,307.43
01/10/2002,214.28571429,0.00000000,12.27272727,-4.17,-30.97,-21.64,-913.33,281.14,318.86
01/11/2002,478.57142857,19.09090909,22.50000000,-20.83,-27.24,-22.57,-2153.33,469.14,459.43
01/12/2002,214.28571429,29.54545455,29.54545455,-12.50,-23.13,-23.13,-933.33,547.43,547.43
01/01/2003,-9.09090909,-92.98245614,-9.47368421,109.52,-89.32,-1.46,-79.20,-97.71,-18.09
01/02/2003,-36.36363636,-88.07017544,-3.15789474,138.10,-77.18,-6.80,-140.00,-102.12,-0.88
01/03/2003,43.18181818,-76.84210526,-1.05263158,95.24,-67.23,-6.80,15.20,-89.41,5.21
01/04/2003,-61.36363636,-73.85964912,-7.89473684,61.90,-58.74,-7.04,-134.40,-93.29,-9.71
01/05/2003,-172.72727273,-79.64912281,-17.54385965,28.57,-52.18,-5.10,-294.40,-114.92,-35.75
01/06/2003,-81.81818182,-78.07017544,-25.08771930,-47.62,-49.51,-5.58,-100.80,-115.00,-50.13
01/07/2003,-68.18181818,-75.61403509,-27.54385965,-33.33,-46.12,-5.58,-85.60,-113.50,-55.87
01/08/2003,-31.81818182,-70.17543860,-29.12280702,71.43,-37.38,-5.10,-93.60,-112.71,-60.11
01/09/2003,36.36363636,-59.64912281,-29.12280702,128.57,-25.49,-9.47,-18.40,-103.88,-54.19
01/10/2003,-15.90909091,-52.98245614,-30.52631579,0.00,-19.90,-9.95,-25.60,-95.68,-56.93
01/11/2003,88.63636364,-38.07017544,-30.17543860,23.81,-13.35,-8.25,132.00,-69.90,-58.52
01/12/2003,-2.27272727,-30.17543860,-30.17543860,38.10,-6.07,-6.07,-25.60,-61.43,-61.43
01/01/2004,44.18604651,-84.42211055,5.52763819,31.03,-90.18,-1.81,56.99,-66.59,28.60
01/02/2004,39.53488372,-69.34673367,13.81909548,55.17,-78.29,-2.84,20.43,-40.73,67.73
01/03/2004,-20.93023256,-60.55276382,6.28140704,27.59,-68.73,-3.88,-74.19,-35.01,38.67
01/04/2004,-65.11627907,-56.78391960,5.77889447,13.79,-60.21,-4.13,-150.54,-46.22,37.76
01/05/2004,-158.13953488,-63.31658291,7.78894472,-20.69,-54.26,-5.17,-308.60,-91.53,49.89
01/06/2004,-62.79069767,-59.04522613,9.79899497,-6.90,-47.03,-1.03,-123.66,-96.57,44.85
01/07/2004,-39.53488372,-52.51256281,12.81407035,-41.38,-42.64,0.00,-37.63,-83.30,54.69
01/08/2004,44.18604651,-36.68341709,21.10552764,-3.45,-35.14,-2.07,96.77,-41.19,97.48
01/09/2004,93.02325581,-15.32663317,27.13567839,96.55,-20.16,0.52,86.02,-0.46,114.65
01/10/2004,60.46511628,2.76381910,35.67839196,0.00,-12.40,2.33,126.88,49.89,143.94
01/11/2004,97.67441860,24.87437186,36.43216080,-17.24,-5.94,1.81,219.35,122.20,145.54
01/12/2004,-51.16279070,30.40201005,30.40201005,-3.45,1.29,1.29,-104.30,121.28,121.28
01/01/2005,-100.00000000,-100.00000000,-12.52408478,32.14,-90.56,-0.26,3000.00,-112.82,-30.20
01/02/2005,57.14285714,-93.44894027,-17.72639692,39.29,-80.61,-1.79,-475.00,-111.38,-40.74
01/03/2005,114.28571429,-84.77842004,-15.41425819,3.57,-73.21,-3.83,-2650.00,-100.93,-32.37
01/04/2005,71.42857143,-77.84200385,-11.36801541,-32.14,-68.37,-7.65,-2400.00,-91.42,-16.86
01/05/2005,-219.04761905,-82.85163776,-11.36801541,-32.14,-63.27,-8.67,4275.00,-109.72,-14.79
01/06/2005,-147.61904762,-84.58574181,-16.57032755,-14.29,-56.89,-9.18,3050.00,-122.54,-26.37
01/07/2005,85.71428571,-77.07129094,-13.87283237,-25.00,-51.53,-8.42,-2700.00,-112.10,-21.30
01/08/2005,-42.85714286,-74.75915222,-23.89210019,-50.00,-47.96,-11.99,-225.00,-111.58,-40.85
01/09/2005,90.47619048,-66.85934489,-32.36994220,71.43,-35.46,-14.54,-425.00,-110.24,-58.01
01/10/2005,19.04761905,-62.04238921,-41.23314066,-14.29,-29.34,-15.82,-775.00,-107.55,-77.46
01/11/2005,242.85714286,-47.97687861,-43.93063584,-25.00,-23.98,-16.58,-6375.00,-81.80,-82.21
01/12/2005,190.47619048,-35.83815029,-35.83815029,0.00,-16.58,-16.58,-4450.00,-63.50,-63.50
01/01/2006,-3.27868852,-82.28228228,18.31831832,-21.43,-93.27,-4.89,4.60,-48.44,90.93
01/02/2006,-75.40983607,-77.77777778,12.61261261,17.86,-83.18,-6.73,-124.14,-60.62,73.94
01/03/2006,-78.68852459,-73.87387387,2.40240240,42.86,-71.25,-3.36,-144.25,-82.72,20.68
01/04/2006,-75.40983607,-69.66966967,-3.90390390,21.43,-60.55,1.53,-128.74,-97.17,-20.96
01/05/2006,-173.77049180,-83.18318318,-9.90990991,-50.00,-56.57,-0.31,-238.51,-165.16,-40.51
01/06/2006,-85.24590164,-80.48048048,-4.50450450,7.14,-47.09,1.53,-137.93,-183.57,-22.95
01/07/2006,-55.73770492,-72.07207207,-8.10810811,-7.14,-39.14,3.06,-81.03,-174.50,-43.63
01/08/2006,-16.39344262,-56.75675676,4.20420420,-39.29,-33.64,4.28,-2.87,-128.05,3.68
01/09/2006,65.57377049,-25.82582583,22.82282282,96.43,-16.51,6.42,50.00,-54.96,76.49
01/10/2006,-27.86885246,-12.61261261,28.82882883,-17.86,-9.17,6.12,-34.48,-22.38,102.55
01/11/2006,-14.75409836,3.60360360,22.82282282,-7.14,-0.92,7.95,-19.54,18.70,69.97
01/12/2006,-4.91803279,21.62162162,21.62162162,42.86,11.62,11.62,-32.18,53.54,53.54
01/01/2007,-10.34482759,-87.16049383,-1.72839506,15.00,-87.40,6.85,-41.53,-87.27,-21.59
01/02/2007,-51.72413793,-80.24691358,1.48148148,-5.00,-76.71,8.49,-104.24,-88.19,-14.58
01/03/2007,-62.06896552,-74.81481481,3.95061728,-27.50,-68.77,5.48,-103.39,-88.93,-0.18
01/04/2007,-110.34482759,-76.29629630,-1.48148148,-52.50,-63.29,1.37,-176.27,-105.72,-7.93
01/05/2007,-184.48275862,-88.64197531,-2.46913580,-50.00,-57.81,3.01,-335.59,-156.83,-15.50
01/06/2007,-79.31034483,-85.67901235,-1.72839506,-27.50,-49.86,2.74,-138.14,-164.76,-11.25
01/07/2007,-27.58620690,-75.06172840,2.22222222,-25.00,-41.37,3.84,-28.81,-149.82,-1.29
01/08/2007,-29.31034483,-64.93827160,-0.49382716,-32.50,-33.70,6.58,-25.42,-133.95,-16.79
01/09/2007,34.48275862,-45.43209877,-6.41975309,20.00,-20.27,4.66,52.54,-101.48,-31.92
01/10/2007,-32.75862069,-35.55555556,-7.65432099,-17.50,-11.23,7.40,-49.15,-90.41,-42.07
01/11/2007,22.41379310,-17.77777778,-2.96296296,-42.50,-4.66,6.58,96.61,-47.42,-24.91
01/12/2007,-29.31034483,-7.16049383,-7.16049383,-5.00,6.03,6.03,-55.93,-37.45,-37.45
01/01/2008,12.19512195,-87.76595745,-1.59574468,13.16,-88.89,-0.78,7.69,-83.48,-3.83
01/02/2008,-26.82926829,-79.78723404,-1.06382979,13.16,-77.52,0.52,-126.92,-87.61,-6.78
01/03/2008,75.60975610,-60.37234043,13.03191489,28.95,-64.86,5.68,190.38,-42.77,40.71
01/04/2008,-43.90243902,-54.25531915,21.01063830,2.63,-54.52,11.11,-161.54,-52.21,58.70
01/05/2008,-126.82926829,-57.18085106,31.64893617,26.32,-42.12,18.60,-492.31,-113.57,82.30
01/06/2008,0.00000000,-46.01063830,39.89361702,23.68,-29.72,23.51,-57.69,-107.08,103.54
01/07/2008,36.58536585,-30.85106383,43.35106383,5.26,-19.12,26.10,109.62,-74.93,111.21
01/08/2008,41.46341463,-14.89361702,48.13829787,7.89,-8.01,29.97,117.31,-41.30,119.17
01/09/2008,65.85365854,3.72340426,45.47872340,52.63,7.49,32.82,94.23,-10.91,94.40
01/10/2008,65.85365854,22.60638298,53.72340426,-23.68,15.25,31.78,284.62,49.85,138.35
01/11/2008,178.04878049,54.25531915,65.69148936,21.05,27.65,37.98,550.00,154.57,171.09
01/12/2008,68.29268293,73.67021277,73.67021277,50.00,43.15,43.15,107.69,189.09,189.09
01/01/2009,-66.66666667,-96.47779479,-3.82848392,-22.81,-92.06,0.00,-139.81,-104.39,-11.02
01/02/2009,-68.11594203,-93.10872894,-5.05359877,-17.54,-83.57,0.72,-151.85,-110.10,-15.71
01/03/2009,-15.94202899,-84.22664625,-7.50382848,-8.77,-74.19,1.26,-28.70,-102.24,-23.78
01/04/2009,-49.27536232,-78.86676876,-5.51301685,-26.32,-66.43,1.81,-89.81,-101.12,-19.08
01/05/2009,-142.02898551,-83.30781011,-8.42266462,-64.91,-62.82,-3.43,-274.07,-120.31,-17.14
01/06/2009,-73.91304348,-80.39816233,-12.09800919,-56.14,-58.12,-7.58,-103.70,-120.71,-20.10
01/07/2009,-60.86956522,-76.26339969,-16.69218989,-45.61,-52.53,-9.39,-85.19,-119.08,-30.20
01/08/2009,-65.21739130,-72.58805513,-22.20520674,-73.68,-49.64,-14.26,-51.85,-113.88,-36.84
01/09/2009,-27.53623188,-64.77794793,-25.11485452,-29.82,-42.42,-17.87,-21.30,-105.20,-38.47
01/10/2009,-56.52173913,-60.03062787,-31.08728943,-43.86,-36.28,-17.15,-78.70,-102.86,-57.14
01/11/2009,-24.63768116,-51.76110260,-40.88820827,-75.44,-33.57,-22.92,62.96,-85.00,-73.88
01/12/2009,-40.57971014,-45.32924962,-45.32924962,-17.54,-24.91,-24.91,-76.85,-82.45,-82.45
01/01/2010,165.85365854,-69.46778711,24.92997199,59.57,-81.97,7.69,772.00,26.74,154.65
01/02/2010,41.46341463,-53.22128852,35.29411765,-12.77,-71.88,6.49,344.00,92.44,256.40
01/03/2010,73.17073171,-33.05322129,39.21568627,-25.53,-63.46,2.40,640.00,204.07,322.67
01/04/2010,-178.04878049,-42.01680672,19.60784314,-76.60,-60.82,-5.53,-764.00,102.33,212.79
01/05/2010,-253.65853659,-60.22408964,9.80392157,-51.06,-55.05,-4.81,-1456.00,-101.16,118.60
01/06/2010,-107.31707317,-61.06442577,3.36134454,-70.21,-51.68,-7.45,-336.00,-135.47,85.47
01/07/2010,-46.34146341,-54.90196078,1.96078431,-55.32,-46.63,-10.10,0.00,-121.51,90.70
01/08/2010,-31.70731707,-47.05882353,3.08123249,-78.72,-44.23,-11.30,252.00,-70.35,111.63
01/09/2010,26.82926829,-31.93277311,3.64145658,-23.40,-35.34,-12.26,324.00,-8.14,124.42
01/10/2010,51.21951220,-14.28571429,12.60504202,-59.57,-30.53,-15.63,708.00,111.05,231.40
01/11/2010,95.12195122,8.96358543,21.00840336,-48.94,-24.76,-13.22,948.00,269.19,284.30
01/12/2010,21.95121951,23.24929972,23.24929972,-8.51,-13.94,-13.94,180.00,312.21,312.21
01/01/2011,-2.00000000,-88.86363636,-14.09090909,6.98,-87.15,-8.66,-18.57,-91.96,-23.98
01/02/2011,-24.00000000,-80.45454545,-18.86363636,-6.98,-75.98,-8.94,-60.00,-88.01,-36.11
01/03/2011,-62.00000000,-75.90909091,-30.90909091,-30.23,-67.60,-10.34,-122.86,-90.27,-65.30
01/04/2011,-102.00000000,-76.13636364,-23.63636364,-81.40,-65.36,-11.17,-140.00,-94.36,-44.99
01/05/2011,-248.00000000,-93.18181818,-26.13636364,-58.14,-60.34,-12.85,-642.86,-148.24,-51.34
01/06/2011,-100.00000000,-93.18181818,-25.45454545,-55.81,-54.75,-11.17,-200.00,-157.69,-52.89
01/07/2011,-4.00000000,-82.27272727,-19.31818182,-48.84,-48.60,-10.89,97.14,-139.07,-36.39
01/08/2011,-68.00000000,-78.63636364,-22.27272727,-72.09,-44.97,-10.06,-58.57,-134.98,-44.99
01/09/2011,-50.00000000,-72.95454545,-28.63636364,-37.21,-37.43,-12.85,-75.71,-132.72,-57.97
01/10/2011,34.00000000,-57.50000000,-27.27272727,-39.53,-30.17,-10.89,202.86,-103.39,-56.42
01/11/2011,116.00000000,-32.50000000,-20.90909091,-25.58,-20.95,-8.38,424.29,-51.90,-41.75
01/12/2011,64.00000000,-13.18181818,-13.18181818,18.60,-6.42,-6.42,165.71,-24.68,-24.68
01/01/2012,-13.41463415,-81.41361257,6.02094241,-11.76,-86.57,-0.30,-16.67,-70.97,19.48
01/02/2012,-75.60975610,-76.17801047,1.30890052,-15.69,-73.73,0.60,-127.42,-80.71,3.56
01/03/2012,-92.68292683,-74.60732984,-2.35602094,-52.94,-66.57,-1.19,-129.57,-91.01,-4.12
01/04/2012,-137.80487805,-82.98429319,-10.73298429,-70.59,-62.09,1.19,-198.92,-125.66,-34.64
01/05/2012,-139.02439024,-91.09947644,0.78534031,-47.06,-54.03,3.88,-221.51,-167.23,-3.56
01/06/2012,-43.90243902,-79.05759162,13.61256545,-56.86,-47.46,4.48,-30.11,-143.82,35.96
01/07/2012,-31.70731707,-64.39790576,15.70680628,-39.22,-37.91,7.16,-24.19,-117.98,36.70
01/08/2012,-63.41463415,-56.28272251,19.63350785,-56.86,-31.04,10.45,-70.43,-107.68,41.95
01/09/2012,-46.34146341,-44.50261780,24.86910995,-64.71,-25.67,7.76,-29.03,-83.15,64.98
01/10/2012,-37.80487805,-31.15183246,20.41884817,-54.90,-18.81,6.87,-23.66,-56.18,51.12
01/11/2012,-17.07317073,-12.82722513,9.42408377,-90.20,-17.01,-1.49,46.77,-3.93,32.77
01/12/2012,-71.95121951,-6.54450262,-6.54450262,-76.47,-13.43,-13.43,-68.82,7.49,7.49
01/01/2013,73.91304348,-88.79551821,-8.96358543,250.00,-85.52,-0.69,-43.10,-94.25,-22.13
01/02/2013,113.04347826,-74.78991597,-0.56022409,325.00,-67.59,2.07,-24.14,-86.41,-4.70
01/03/2013,217.39130435,-54.06162465,19.04761905,150.00,-57.24,4.14,263.79,-49.48,44.43
01/04/2013,-69.56521739,-52.38095238,30.25210084,-33.33,-54.48,1.72,-100.00,-49.48,79.79
01/05/2013,-243.47826087,-61.62464986,29.69187675,66.67,-47.59,-0.69,-453.45,-86.06,83.97
01/06/2013,-126.08695652,-63.58543417,14.56582633,8.33,-43.10,-3.79,-218.97,-98.26,46.17
01/07/2013,-113.04347826,-64.42577031,-2.80112045,-75.00,-41.72,-13.79,-144.83,-102.61,14.98
01/08/2013,21.73913043,-56.30252101,-3.08123249,-25.00,-38.62,-18.28,62.07,-86.41,22.13
01/09/2013,65.21739130,-45.65826331,-5.04201681,166.67,-27.24,-13.10,-5.17,-76.66,8.01
01/10/2013,108.69565217,-31.93277311,-5.88235294,58.33,-20.69,-14.48,143.10,-51.74,7.67
01/11/2013,304.34782609,-5.32212885,1.40056022,16.67,-15.86,-11.72,510.34,11.50,22.30
01/12/2013,147.82608696,11.20448179,11.20448179,175.00,-4.14,-4.14,132.76,36.59,36.59
01/01/2014,56.14035088,-77.58186398,12.84634761,157.58,-69.42,15.47,-24.44,-86.99,9.44
01/02/2014,-56.14035088,-71.03274559,6.54911839,-15.15,-58.99,7.19,-87.41,-84.82,5.61
01/03/2014,-52.63157895,-63.97984887,-5.28967254,-36.36,-51.44,3.96,-65.93,-78.95,-16.58
01/04/2014,-133.33333333,-68.76574307,-11.83879093,-12.12,-40.65,11.87,-223.70,-100.64,-39.41
01/05/2014,-156.14035088,-77.07808564,-11.58690176,-72.73,-37.41,7.91,-221.48,-121.56,-33.80
01/06/2014,-70.17543860,-72.54408060,-5.54156171,-36.36,-29.50,11.15,-97.04,-120.92,-23.98
01/07/2014,-50.87719298,-65.49118388,2.51889169,-42.42,-22.66,16.91,-58.52,-113.90,-12.88
01/08/2014,-36.84210526,-56.42317380,4.53400504,-36.36,-14.75,21.22,-38.52,-103.44,-14.29
01/09/2014,-22.80701754,-45.08816121,6.29722922,-12.12,-3.96,20.14,-31.85,-91.71,-9.31
01/10/2014,-3.50877193,-30.98236776,8.31234257,-48.48,2.16,19.42,32.59,-68.75,-4.21
01/11/2014,42.10526316,-10.07556675,5.03778338,-51.52,8.27,20.14,109.63,-31.76,-13.52
01/12/2014,-14.03508772,2.77078086,2.77078086,-30.30,16.55,16.55,-5.19,-14.54,-14.54
01/01/2015,-118.36734694,-102.20588235,-24.75490196,-113.04,-100.93,-27.78,-121.09,-104.03,-20.30
01/02/2015,-61.22448980,-97.54901961,-26.47058824,47.83,-90.43,-25.93,-121.09,-107.91,-27.16
01/03/2015,-16.32653061,-87.50000000,-23.03921569,13.04,-82.41,-24.38,-33.59,-95.37,-21.04
01/04/2015,-153.06122449,-93.87254902,-25.00000000,-30.43,-77.47,-28.70,-217.97,-118.06,-18.51
01/05/2015,-202.04081633,-106.37254902,-29.41176471,-47.83,-74.07,-28.09,-287.50,-153.43,-30.75
01/06/2015,-65.30612245,-102.20588235,-29.65686275,-8.70,-67.59,-28.09,-96.88,-152.99,-30.90
01/07/2015,-69.38775510,-98.52941176,-32.84313725,-26.09,-62.04,-28.70,-94.53,-151.94,-38.51
01/08/2015,-57.14285714,-93.38235294,-36.51960784,-13.04,-55.86,-29.01,-81.25,-148.51,-47.61
01/09/2015,-24.48979592,-84.06862745,-38.23529412,60.87,-44.14,-26.54,-69.53,-142.84,-55.82
01/10/2015,4.08163265,-71.56862745,-39.21568627,8.70,-36.42,-23.77,5.47,-123.28,-62.39
01/11/2015,12.24489796,-57.84313725,-45.83333333,-82.61,-35.19,-27.78,67.97,-91.64,-72.54
01/12/2015,-16.32653061,-47.79411765,-47.79411765,34.78,-25.62,-25.62,-43.75,-80.90,-80.90
01/01/2016,-7.31707317,-82.15962441,22.53521127,-38.71,-92.12,9.54,33.33,-25.00,96.88
01/02/2016,7.31707317,-61.50234742,34.74178404,16.13,-77.18,10.37,-5.56,28.12,172.66
01/03/2016,-63.41463415,-54.46009390,22.06572770,16.13,-62.24,14.52,-168.06,-10.94,65.63
01/04/2016,-178.04878049,-69.48356808,19.24882629,-29.03,-53.11,17.43,-372.22,-164.84,29.69
01/05/2016,-209.75609756,-90.61032864,22.06572770,-32.26,-43.98,21.58,-448.61,-359.37,21.09
01/06/2016,-73.17073171,-85.44600939,19.24882629,-19.35,-33.20,23.24,-148.61,-385.94,-9.38
01/07/2016,-36.58536585,-73.23943662,24.41314554,-45.16,-26.14,23.24,-23.61,-344.53,28.91
01/08/2016,-31.70731707,-59.62441315,28.16901408,-38.71,-17.84,22.82,-19.44,-300.78,55.47
01/09/2016,48.78048780,-30.98591549,39.43661972,54.84,2.07,27.39,44.44,-221.09,107.03
01/10/2016,48.78048780,-1.87793427,43.66197183,-9.68,14.11,28.63,129.17,-94.53,130.47
01/11/2016,90.24390244,35.68075117,55.39906103,-29.03,23.65,36.51,252.78,103.91,160.94
01/12/2016,12.19512195,57.74647887,57.74647887,45.16,42.74,42.74,-29.17,144.53,144.53
01/01/2017,269.56521739,-49.40476190,40.47619048,28.89,-83.14,11.63,907.84,64.22,136.42
01/02/2017,26.08695652,-31.84523810,44.64285714,68.89,-60.76,23.84,-94.12,65.50,114.38
01/03/2017,32.60869565,-13.09523810,59.22619048,26.67,-43.90,30.23,43.14,90.10,156.23
01/04/2017,-73.91304348,-9.52380952,73.21428571,0.00,-30.52,37.21,-264.71,61.34,195.53
01/05/2017,-126.08695652,-13.09523810,83.33333333,-37.78,-22.38,38.95,-354.90,17.89,238.66
01/06/2017,-45.65217391,-5.35714286,87.79761905,-33.33,-13.37,40.41,-82.35,20.77,254.31
01/07/2017,-17.39130435,6.25000000,91.66666667,-40.00,-5.23,43.60,41.18,44.41,260.06
01/08/2017,6.52173913,21.42857143,98.21428571,-44.44,2.33,45.35,139.22,85.30,282.75
01/09/2017,-32.60869565,31.25000000,88.98809524,-37.78,10.76,39.53,-19.61,99.04,260.38
01/10/2017,36.95652174,50.59523810,89.58333333,-44.44,18.31,38.66,245.10,158.79,264.22
01/11/2017,123.91304348,83.03571429,97.32142857,-24.44,28.78,42.44,500.00,264.54,282.43
01/12/2017,28.26086957,101.48809524,101.48809524,-6.67,41.57,41.57,113.73,303.19,303.19
01/01/2018,-10.16949153,-92.17134417,-18.02067947,-33.33,-94.25,-6.37,13.76,-90.17,-33.12
01/02/2018,-35.59322034,-86.55834564,-21.12259970,16.67,-84.19,-12.32,-92.66,-89.54,-32.73
01/03/2018,-45.76271186,-81.68389956,-25.55391433,-21.43,-77.21,-17.45,-72.48,-87.08,-36.37
01/04/2018,-157.62711864,-86.70605613,-32.79172821,-64.29,-74.33,-23.82,-257.80,-100.95,-43.98
01/05/2018,-127.11864407,-89.21713442,-33.38257016,-38.10,-68.99,-24.23,-226.61,-111.89,-44.61
01/06/2018,-33.89830508,-83.45642541,-31.31462334,-45.24,-64.07,-25.67,-22.94,-105.31,-38.27
01/07/2018,-8.47457627,-75.48005908,-28.95125554,-30.95,-58.11,-25.46,16.51,-95.32,-33.60
01/08/2018,-1.69491525,-66.61742984,-27.62186115,-40.48,-52.98,-25.46,47.71,-82.49,-30.27
01/09/2018,-28.81355932,-60.26587888,-25.84933530,-23.81,-46.20,-24.64,-33.03,-76.55,-27.50
01/10/2018,-11.86440678,-52.43722304,-27.62186115,-26.19,-39.63,-23.41,5.50,-67.19,-32.65
01/11/2018,44.06779661,-39.43870015,-30.28064993,-40.48,-34.29,-25.46,144.04,-45.25,-36.05
01/12/2018,18.64406780,-28.65583456,-28.65583456,11.90,-24.44,-24.44,27.52,-33.44,-33.44
01/01/2019,-87.14285714,-98.13664596,-9.52380952,-57.45,-94.57,-2.17,-117.99,-102.98,-18.93
01/02/2019,-104.28571429,-98.75776398,-18.42650104,-8.51,-82.88,-3.80,-199.28,-119.29,-37.50
01/03/2019,-44.28571429,-90.89026915,-17.18426501,-27.66,-73.37,-3.53,-63.31,-113.33,-34.88
01/04/2019,-92.85714286,-89.64803313,-8.69565217,-2.13,-60.87,5.16,-182.73,-126.90,-27.62
01/05/2019,-141.42857143,-95.65217391,-11.38716356,-65.96,-56.52,2.45,-219.42,-146.19,-31.19
01/06/2019,-91.42857143,-94.40993789,-18.21946170,-36.17,-48.10,4.62,-148.92,-153.93,-50.12
01/07/2019,-45.71428571,-86.54244306,-21.73913043,-44.68,-40.76,3.80,-46.76,-145.48,-56.67
01/08/2019,-102.85714286,-86.95652174,-34.57556936,-57.45,-35.05,2.72,-150.36,-153.57,-84.76
01/09/2019,-62.85714286,-81.57349896,-37.88819876,-36.17,-26.90,1.90,-89.21,-151.79,-91.55
01/10/2019,-22.85714286,-70.18633540,-37.47412008,-46.81,-20.11,0.00,5.04,-135.12,-87.98
01/11/2019,15.71428571,-53.20910973,-38.50931677,-53.19,-13.86,-0.82,88.49,-104.88,-88.33
01/12/2019,-20.00000000,-41.40786749,-41.40786749,-12.77,-2.45,-2.45,-28.06,-92.98,-92.98
01/01/2020,-14.28571429,-83.03886926,14.48763251,-19.51,-90.81,3.90,-4.00,62.71,206.78
01/02/2020,-25.00000000,-68.19787986,30.74204947,-12.20,-80.78,1.95,-43.00,159.32,545.76
01/03/2020,-108.92857143,-69.96466431,14.84098940,-29.27,-72.42,0.28,-206.00,-23.73,271.19
01/04/2020,-280.35714286,-106.00706714,-24.02826855,-12.20,-62.40,-2.51,-617.00,-903.39,-432.20
01/05/2020,-32.14285714,-92.22614841,0.35335689,-26.83,-54.04,1.39,-34.00,-794.92,-40.68
01/06/2020,-1.78571429,-73.14487633,17.66784452,-9.76,-43.45,3.34,12.00,-613.56,266.10
01/07/2020,17.85714286,-49.46996466,27.91519435,-2.44,-32.31,7.24,48.00,-371.19,394.92
01/08/2020,-30.35714286,-35.68904594,43.10954064,-21.95,-23.40,10.58,-37.00,-264.41,628.81
01/09/2020,-58.92857143,-27.20848057,41.69611307,-21.95,-14.21,11.14,-104.00,-271.19,594.92
01/10/2020,8.92857143,-5.30035336,44.52296820,-41.46,-7.24,10.86,77.00,25.42,649.15
01/11/2020,-85.71428571,-2.47349823,17.66784452,-119.51,-9.75,1.95,-44.00,122.03,294.92
01/12/2020,-32.14285714,11.30742049,11.30742049,34.15,5.85,5.85,-113.00,100.00,100.00
01/01/2021,126.31578947,-72.69841270,12.38095238,-34.55,-90.53,1.05,-1946.15,103.39,122.88
01/02/2021,65.78947368,-52.38095238,19.36507937,-29.09,-80.26,1.84,-1146.15,221.19,190.68
01/03/2021,118.42105263,-25.71428571,48.25396825,-1.82,-65.79,8.42,-1400.00,370.34,434.75
01/04/2021,-13.15789474,-15.23809524,93.01587302,-32.73,-56.05,8.68,-261.54,388.14,945.76
01/05/2021,-47.36842105,-8.57142857,86.98412698,-3.64,-42.11,15.00,476.92,321.19,811.86
01/06/2021,39.47368421,8.88888889,86.66666667,3.64,-26.58,20.53,-423.08,358.47,747.46
01/07/2021,55.26315789,28.25396825,84.44444444,-12.73,-13.68,22.63,-815.38,441.53,695.76
01/08/2021,-50.00000000,34.60317460,77.46031746,-21.82,-2.11,25.79,300.00,394.92,589.83
01/09/2021,63.15789474,54.92063492,90.47619048,-16.36,10.26,29.47,-946.15,493.22,694.07
01/10/2021,121.05263158,82.85714286,98.09523810,-10.91,23.95,36.58,-1538.46,662.71,702.54
01/11/2021,200.00000000,121.26984127,133.96825397,-32.73,33.95,49.21,-2753.85,980.51,968.64
01/12/2021,-5.26315789,133.65079365,133.65079365,45.45,56.32,56.32,592.31,894.92,894.92
01/01/2022,63.88888889,-91.98369565,-3.94021739,-22.50,-89.56,4.55,-157.78,-95.57,-17.55
01/02/2022,130.55555556,-80.57065217,-1.08695652,-5.00,-76.77,10.94,-215.56,-86.71,-20.44
01/03/2022,175.00000000,-66.98369565,1.22282609,-10.00,-64.65,14.14,-298.89,-71.12,-19.51
01/04/2022,50.00000000,-59.51086957,4.34782609,-2.50,-51.18,21.55,-84.44,-72.40,-22.74
01/05/2022,-50.00000000,-56.92934783,3.94021739,-26.25,-41.08,22.56,13.33,-81.43,-25.30
01/06/2022,133.33333333,-45.10869565,8.55978261,-3.75,-27.61,26.09,-218.89,-72.15,-19.34
01/07/2022,105.55555556,-34.64673913,10.73369565,-22.50,-16.67,28.79,-221.11,-62.52,-17.80
01/08/2022,94.44444444,-24.72826087,18.20652174,0.00,-2.53,35.52,-143.33,-59.11,-9.28
01/09/2022,72.22222222,-15.89673913,18.20652174,-16.25,9.43,39.39,-152.22,-54.86,-15.16
01/10/2022,58.33333333,-7.74456522,14.26630435,-21.25,20.71,41.75,-142.22,-51.45,-28.79
01/11/2022,61.11111111,0.67934783,5.97826087,-43.75,28.79,43.27,-204.44,-42.93,-51.19
01/12/2022,5.55555556,6.25000000,6.25000000,-18.75,40.57,40.57,-55.56,-46.59,-46.59
01/01/2023,78.94736842,-91.30434783,1.15089514,9.23,-91.50,1.20,-242.50,-90.91,0.80
01/02/2023,47.36842105,-84.14322251,-2.55754476,-6.15,-84.07,-0.72,-200.00,-84.53,-9.89
01/03/2023,-28.94736842,-80.69053708,-12.40409207,-20.00,-77.72,-3.11,25.00,-92.50,-47.85
01/04/2023,-105.26315789,-80.94629156,-20.07672634,-40.00,-72.93,-8.14,212.50,-112.60,-66.19
01/05/2023,-157.89473684,-83.75959079,-25.31969309,-50.77,-68.98,-11.50,370.00,-142.42,-80.22
01/06/2023,-73.68421053,-82.48081841,-35.29411765,-53.85,-65.39,-17.49,30.00,-150.56,-105.74
01/07/2023,26.31578947,-76.21483376,-38.74680307,-40.00,-60.48,-20.48,-292.50,-138.60,-110.69
01/08/2023,44.73684211,-69.05370844,-40.66496164,-58.46,-57.13,-27.19,-460.00,-116.11,-94.10
01/09/2023,15.78947368,-63.17135550,-43.09462916,-44.62,-52.69,-31.02,-275.00,-105.10,-90.43
01/10/2023,0.00000000,-58.18414322,-45.52429668,-40.00,-47.90,-34.13,-185.00,-99.68,-91.07
01/11/2023,68.42105263,-49.74424552,-44.75703325,-60.00,-44.55,-36.53,-552.50,-70.81,-77.19
01/12/2023,86.84210526,-40.40920716,-40.40920716,-32.31,-39.04,-39.04,-482.50,-45.93,-45.93
01/01/2024,25.35211268,-80.90128755,4.72103004,-9.09,-92.14,-6.48,54.90,-30.09,54.57
01/02/2024,-87.32394366,-78.75536481,-5.57939914,11.36,-82.32,-8.84,-171.90,-63.13,8.26
01/03/2024,-59.15492958,-72.53218884,-5.15021459,0.00,-73.67,-10.61,-110.46,-67.85,18.88
01/04/2024,-71.83098592,-68.24034335,-0.21459227,-52.27,-69.55,-14.15,-88.24,-62.54,63.42

